title,link,description,postdate
월간뚜비 | May. GRIPPIN'THEGREEN,https://blog.naver.com/2u_bee/223471813934,버거 <b>맛집</b>인가보오... 번이 맛있으니까 다 맛있어지는 매직 엄마랑 또 와야지 ~ 을를 오면 좋은 점 ? 바로... 머리부터 발끝까지 소연이 옷 입고 저녁먹으러 ~ 우리 어디 왔게요 바로바로 <b>서울갈비</b> 지인짜 와보고... ,20240607
[삼각지역/몽탄] 몽탄 평일 웨이팅! 친구텅장털이로 맛 평가 후기!!,https://blog.naver.com/426kjj/223471406289,우대 <b>갈비</b> 2인분과 항정살 2인분! ⚠️그런데... 옆에는 뭐.. 얇은 차돌 같은데..?모르겠고.. 마지막에... 아무튼 우대 <b>갈비</b> 드디어! 영접! 1인분 같은 2인분!! (나에겐!) 오전 10시 40분 도착해서 줄을 서... ,20240607
신촌<b>맛집</b> 형제<b>갈비</b> 생<b>갈비맛집</b> 서비스는 비추천후기,https://blog.naver.com/comclin/223422143802,차량이 있기에 주차가능한지 먼저 확인해보니 주차가 가능하다한다 신촌이다보니 주차가 빡세긴한데 다행히 발레파킹 가능했고 별도의 비용은 없다고 했다 형제<b>갈비</b> 주소: <b>서울</b>특별시 서대문구 명물1길 2... ,20240607
#우대<b>갈비맛집</b> 원조 [몽탄] 내돈내산 추천메뉴,https://blog.naver.com/mbtr_moemoe/223471196152,#몽탄 #우대<b>갈비맛집</b> #소고기<b>맛집</b> 우대<b>갈비</b> 3인분 겉면만 초벌되어 나옴 #몽탄 #우대<b>갈비맛집</b> #소고기<b>맛집</b> #몽탄 #우대<b>갈비맛집</b> #소고기<b>맛집</b> 고기는 처음부터 끝까지 직원분이 구워줘서 편하게 먹을 수 있음... ,20240606
왕십리역 <b>맛집</b> 청춘극장 행당직영점 쪽<b>갈비</b> 맛보세요,https://blog.naver.com/yqtuswou4635/223471143638,청춘극장 행당직영점은 <b>서울</b>시 성동구 행당로 112-5에 위치해 있어요. 매일 오후 3시부터 오후 11시까지... 선택이에요ㅎㅎ #청춘극장 #청춘극장행당직영점 #왕십리<b>맛집</b> #행당역<b>맛집</b> #<b>서울갈비</b> #신돌림생<b>갈비맛집</b>... ,20240606
청춘극장 행당직영점 왕십리 쪽<b>갈비 맛집</b> 다녀왔어요,https://blog.naver.com/oyztwsp4535/223471133284,강추합니다♪ #청춘극장 #왕십리맛집 #행당동갈비 #쪽갈비맛집 #행당역맛집 #왕십리데이트 #청춘극장행당직영점 #성동구맛집 #청춘극장후기 #<b>서울갈비맛집</b> 앞으로도 흥미진진한 이야기를 계속 전해드릴게요... ,20240606
광화문 송추가마골 인어반 신문로점에서 <b>갈비</b>탕 먹는거 추천해요,https://blog.naver.com/jion_0330/223470874455,"양도 푸짐하고 맛도 최고였답니다&gt;&lt; 경희궁, 덕수궁, <b>서울</b>역사박물관 근처에 있어서 아이들과 함께 방문하기에도 좋을거 같아요 다음에 또 와야지~~ #광화문<b>맛집</b> #<b>갈비</b>탕<b>맛집</b> #<b>서울갈비</b>탕<b>맛집</b> #광화문<b>갈비</b>탕<b>맛집</b>",20240606
삼송<b>맛집</b> 고양스타필드<b>맛집</b> 김치옥 해남묵은지,https://blog.naver.com/buzabooboo/223470768908,삼송<b>맛집</b> 삼송웨이팅<b>맛집</b> 김치옥 삼송점 글·사진 buzabooboo 다녀와서 김치옥 매장이 전국에 몇개인가... 파무침이 거기서 거기인데 <b>서울갈비</b> 파무침에 버금가는 특별한 맛이었어요. 숙성삼겹살 1인분 16.... ,20240606
"[일상] 기사님, <b>서울갈비</b>로 가주세요",https://blog.naver.com/sio6799/223470234933,온 #신림<b>맛집</b> #<b>서울갈비</b> 아주 애매한시간 (3시-4시쯤) 갔더니 웨이팅 없이 바로 먹을 수 있었어요 근데 시간 좀 지나니까 사람들 우다다다 옴.  휴 긴말 안해요. 오세요. 고기는 물론이고 간장소스 듬뿍 찍어서... ,20240605
왕십리 <b>맛집</b> 청춘극장 행당직영점 쪽<b>갈비</b> 추천합니다,https://blog.naver.com/mqxyqq3881/223470182540,&gt;_&lt; ㅎㅎ 여러분도 꼭 한 번 방문해보세요~♪ ^^ ㅎㅎㅎ #왕십리맛집 #청춘극장행당직영점 #쪽갈비맛집 #<b>서울갈비맛집</b> #왕십리데이트 #행당맛집 #갈비추천 #서울맛집 #데이트코스 저번에 갔던 곳인데 너무... ,20240605
종로고깃집 정원숯불<b>갈비</b> 수제 모듬 소세지 찐 <b>맛집</b> 후기,https://blog.naver.com/fbch/223469924007,알 것 같은 맛이었어요 온라인으로도 판매 중이니 소시지 맛이 궁금하신 분들은 온라인 구매도 추천드려용 종로고깃집이나 <b>서울갈비 맛집</b> 서울 수제소세지맛집을 찾으신다면 정원숯불갈비 완전 추천드립니다!bb,20240605
"<b>서울갈비</b> : 신림 달달 우삼겹 <b>맛집</b> 직장인 회식, 데이트 추천 노포",https://blog.naver.com/soru__u/223469694278,우삼겹 <b>맛집</b> <b>서울갈비</b> 소개합니다! <b>서울갈비</b> 위치 사진에서도 보이는 어마한 웨이팅 ... 신림역 8번 출구에서 도보 5분 정도 거리 버스정류장도 주위에 많음! 워낙 신림에서 유명한 집이라 그동안 와보고... ,20240605
<b>서울 갈비</b>찜 뚝섬 <b>맛집</b> 강남면옥 성수점 회 냉면도 맛있는곳,https://blog.naver.com/jnoble1981/223469691705,뚝섬 <b>맛집</b> 외관 사진 <b>서울 갈비</b>찜 <b>맛집</b>으로 유명한 강남면옥! 뚝섬 <b>맛집</b> 고민하다가 부드러운 <b>갈비</b>찜이 먹고 싶어서 방문했어요. 연중무휴라 생각날 때마다 올 수 있어서 좋아요. 주소: <b>서울</b> 성동구 성수일로... ,20240605
대흥역<b>맛집</b> 마포<b>갈비</b>찜 유명한 아소정,https://blog.naver.com/ohohoho_my/223469691730,다수의 <b>맛집</b> 방송에 출연했어요! 수많은 연예인 싸인들 ㄷㄷ <b>서울</b> 마포 본점 외에도 롯데백화점 수원점... 함흥냉면<b>맛집</b> #공덕역<b>맛집</b> #공덕역냉면 #대흥역<b>맛집</b> #<b>서울갈비</b>찜<b>맛집</b> #마포<b>갈비</b>찜 #경의선숲길<b>맛집</b>,20240605
<b>서울</b>냉면<b>맛집</b>/ 공덕냉면... <b>서울갈비</b>찜<b>맛집</b>/ 마포<b>갈비</b>찜... ,https://blog.naver.com/atraxia123/223469118438,문의 : 02-703- 5959 #물냉면 #궁중<b>갈비</b>찜 #<b>서울</b>냉면<b>맛집</b> #공덕냉면 #마포냉면 #함흥냉면<b>맛집</b> #공덕역<b>맛집</b> #공덕역냉면 #대흥역<b>맛집</b> #가성비<b>맛집</b> #<b>서울갈비</b>찜<b>맛집</b> #마포<b>갈비</b>찜 #경의선숲길 <b>맛집</b> #아소정,20240605
